{
"xxx"  : {"type":"document/unknown", "icon":"unknown"},
"3gp"  : {"type":"video/quicktime", "icon":"quicktime", "groups":["video"], "string":"video"},
"aac"  : {"type":"audio/aac", "icon":"audio", "groups":["audio"], "string":"audio"},
"accdb"  : {"type":"application/msaccess", "icon":"base"},
"ai"   : {"type":"application/postscript", "icon":"eps", "groups":["image"], "string":"image"},
"aif"  : {"type":"audio/x-aiff", "icon":"audio", "groups":["audio"], "string":"audio"},
"aiff" : {"type":"audio/x-aiff", "icon":"audio", "groups":["audio"], "string":"audio"},
"aifc" : {"type":"audio/x-aiff", "icon":"audio", "groups":["audio"], "string":"audio"},
"applescript"  : {"type":"text/plain", "icon":"text"},
"asc"  : {"type":"text/plain", "icon":"sourcecode"},
"asm"  : {"type":"text/plain", "icon":"sourcecode"},
"au"   : {"type":"audio/au", "icon":"audio", "groups":["audio"], "string":"audio"},
"avi"  : {"type":"video/x-ms-wm", "icon":"avi", "groups":["video","web_video"], "string":"video"},
"bmp"  : {"type":"image/bmp", "icon":"bmp", "groups":["image"], "string":"image"},
"c"    : {"type":"text/plain", "icon":"sourcecode"},
"cct"  : {"type":"shockwave/director", "icon":"flash"},
"cpp"  : {"type":"text/plain", "icon":"sourcecode"},
"cs"   : {"type":"application/x-csh", "icon":"sourcecode"},
"css"  : {"type":"text/css", "icon":"text", "groups":["web_file"]},
"csv"  : {"type":"text/csv", "icon":"spreadsheet", "groups":["spreadsheet"]},
"dv"   : {"type":"video/x-dv", "icon":"quicktime", "groups":["video"], "string":"video"},
"dmg"  : {"type":"application/octet-stream", "icon":"unknown"},
"doc"  : {"type":"application/msword", "icon":"document", "groups":["document"]},
"docx" : {"type":"application/vnd.openxmlformats-officedocument.wordprocessingml.document", "icon":"document", "groups":["document"]},
"docm" : {"type":"application/vnd.ms-word.document.macroEnabled.12", "icon":"document"},
"dotx" : {"type":"application/vnd.openxmlformats-officedocument.wordprocessingml.template", "icon":"document"},
"dotm" : {"type":"application/vnd.ms-word.template.macroEnabled.12", "icon":"document"},
"dcr"  : {"type":"application/x-director", "icon":"flash"},
"dif"  : {"type":"video/x-dv", "icon":"quicktime", "groups":["video"], "string":"video"},
"dir"  : {"type":"application/x-director", "icon":"flash"},
"dxr"  : {"type":"application/x-director", "icon":"flash"},
"eps"  : {"type":"application/postscript", "icon":"eps"},
"epub" : {"type":"application/epub+zip", "icon":"epub", "groups":["document"]},
"fdf"  : {"type":"application/pdf", "icon":"pdf"},
"flv"  : {"type":"video/x-flv", "icon":"flash", "groups":["video","web_video"], "string":"video"},
"f4v"  : {"type":"video/mp4", "icon":"flash", "groups":["video","web_video"], "string":"video"},
"ggb"  : {"type":"application/vnd.geogebra.file", "icon":"archive"},
"ggt"  : {"type":"application/vnd.geogebra.tool", "icon":"archive"},
"gif"  : {"type":"image/gif", "icon":"gif", "groups":["image", "web_image"], "string":"image"},
"gtar" : {"type":"application/x-gtar", "icon":"archive", "groups":["archive"], "string":"archive"},
"tgz"  : {"type":"application/g-zip", "icon":"archive", "groups":["archive"], "string":"archive"},
"gz"   : {"type":"application/g-zip", "icon":"archive", "groups":["archive"], "string":"archive"},
"gzip" : {"type":"application/g-zip", "icon":"archive", "groups":["archive"], "string":"archive"},
"h"    : {"type":"text/plain", "icon":"sourcecode"},
"hpp"  : {"type":"text/plain", "icon":"sourcecode"},
"hqx"  : {"type":"application/mac-binhex40", "icon":"archive", "groups":["archive"], "string":"archive"},
"htc"  : {"type":"text/x-component", "icon":"markup"},
"html" : {"type":"text/html", "icon":"html", "groups":["web_file"]},
"xhtml": {"type":"application/xhtml+xml", "icon":"html", "groups":["web_file"]},
"htm"  : {"type":"text/html", "icon":"html", "groups":["web_file"]},
"ibooks" : {"type":"application/x-ibooks+zip", "icon":"archive"},
"ico"  : {"type":"image/vnd.microsoft.icon", "icon":"image", "groups":["image"], "string":"image"},
"ics"  : {"type":"text/calendar", "icon":"text"},
"isf"  : {"type":"application/inspiration", "icon":"isf"},
"ist"  : {"type":"application/inspiration.template", "icon":"isf"},
"java" : {"type":"text/plain", "icon":"sourcecode"},
"jcb"  : {"type":"text/xml", "icon":"markup"},
"jcl"  : {"type":"text/xml", "icon":"markup"},
"jcw"  : {"type":"text/xml", "icon":"markup"},
"jmt"  : {"type":"text/xml", "icon":"markup"},
"jmx"  : {"type":"text/xml", "icon":"markup"},
"jpe"  : {"type":"image/jpeg", "icon":"jpeg", "groups":["image", "web_image"], "string":"image"},
"jpeg" : {"type":"image/jpeg", "icon":"jpeg", "groups":["image", "web_image"], "string":"image"},
"jpg"  : {"type":"image/jpeg", "icon":"jpeg", "groups":["image", "web_image"], "string":"image"},
"jqz"  : {"type":"text/xml", "icon":"markup"},
"js"   : {"type":"application/x-javascript", "icon":"text", "groups":["web_file"]},
"latex": {"type":"application/x-latex", "icon":"text"},
"m"    : {"type":"text/plain", "icon":"sourcecode"},
"mbz"  : {"type":"application/vnd.moodle.backup", "icon":"moodle"},
"mdb"  : {"type":"application/x-msaccess", "icon":"base"},
"mov"  : {"type":"video/quicktime", "icon":"quicktime", "groups":["video","web_video"], "string":"video"},
"movie": {"type":"video/x-sgi-movie", "icon":"quicktime", "groups":["video"], "string":"video"},
"m3u"  : {"type":"audio/x-mpegurl", "icon":"mp3", "groups":["audio"], "string":"audio"},
"mp3"  : {"type":"audio/mp3", "icon":"mp3", "groups":["audio","web_audio"], "string":"audio"},
"mp4"  : {"type":"video/mp4", "icon":"mpeg", "groups":["video","web_video"], "string":"video"},
"m4v"  : {"type":"video/mp4", "icon":"mpeg", "groups":["video","web_video"], "string":"video"},
"m4a"  : {"type":"audio/mp4", "icon":"mp3", "groups":["audio"], "string":"audio"},
"mpeg" : {"type":"video/mpeg", "icon":"mpeg", "groups":["video","web_video"], "string":"video"},
"mpe"  : {"type":"video/mpeg", "icon":"mpeg", "groups":["video","web_video"], "string":"video"},
"mpg"  : {"type":"video/mpeg", "icon":"mpeg", "groups":["video","web_video"], "string":"video"},
"odt"  : {"type":"application/vnd.oasis.opendocument.text", "icon":"writer", "groups":["document"]},
"ott"  : {"type":"application/vnd.oasis.opendocument.text-template", "icon":"writer", "groups":["document"]},
"oth"  : {"type":"application/vnd.oasis.opendocument.text-web", "icon":"oth", "groups":["document"]},
"odm"  : {"type":"application/vnd.oasis.opendocument.text-master", "icon":"writer"},
"odg"  : {"type":"application/vnd.oasis.opendocument.graphics", "icon":"draw"},
"otg"  : {"type":"application/vnd.oasis.opendocument.graphics-template", "icon":"draw"},
"odp"  : {"type":"application/vnd.oasis.opendocument.presentation", "icon":"impress"},
"otp"  : {"type":"application/vnd.oasis.opendocument.presentation-template", "icon":"impress"},
"ods"  : {"type":"application/vnd.oasis.opendocument.spreadsheet", "icon":"calc", "groups":["spreadsheet"]},
"ots"  : {"type":"application/vnd.oasis.opendocument.spreadsheet-template", "icon":"calc", "groups":["spreadsheet"]},
"odc"  : {"type":"application/vnd.oasis.opendocument.chart", "icon":"chart"},
"odf"  : {"type":"application/vnd.oasis.opendocument.formula", "icon":"math"},
"odb"  : {"type":"application/vnd.oasis.opendocument.database", "icon":"base"},
"odi"  : {"type":"application/vnd.oasis.opendocument.image", "icon":"draw"},
"oga"  : {"type":"audio/ogg", "icon":"audio", "groups":["audio"], "string":"audio"},
"ogg"  : {"type":"audio/ogg", "icon":"audio", "groups":["audio"], "string":"audio"},
"ogv"  : {"type":"video/ogg", "icon":"video", "groups":["video"], "string":"video"},
"pct"  : {"type":"image/pict", "icon":"image", "groups":["image"], "string":"image"},
"pdf"  : {"type":"application/pdf", "icon":"pdf"},
"php"  : {"type":"text/plain", "icon":"sourcecode"},
"pic"  : {"type":"image/pict", "icon":"image", "groups":["image"], "string":"image"},
"pict" : {"type":"image/pict", "icon":"image", "groups":["image"], "string":"image"},
"png"  : {"type":"image/png", "icon":"png", "groups":["image", "web_image"], "string":"image"},
"pps"  : {"type":"application/vnd.ms-powerpoint", "icon":"powerpoint", "groups":["presentation"]},
"ppt"  : {"type":"application/vnd.ms-powerpoint", "icon":"powerpoint", "groups":["presentation"]},
"pptx" : {"type":"application/vnd.openxmlformats-officedocument.presentationml.presentation", "icon":"powerpoint"},
"pptm" : {"type":"application/vnd.ms-powerpoint.presentation.macroEnabled.12", "icon":"powerpoint"},
"potx" : {"type":"application/vnd.openxmlformats-officedocument.presentationml.template", "icon":"powerpoint"},
"potm" : {"type":"application/vnd.ms-powerpoint.template.macroEnabled.12", "icon":"powerpoint"},
"ppam" : {"type":"application/vnd.ms-powerpoint.addin.macroEnabled.12", "icon":"powerpoint"},
"ppsx" : {"type":"application/vnd.openxmlformats-officedocument.presentationml.slideshow", "icon":"powerpoint"},
"ppsm" : {"type":"application/vnd.ms-powerpoint.slideshow.macroEnabled.12", "icon":"powerpoint"},
"ps"   : {"type":"application/postscript", "icon":"pdf"},
"qt"   : {"type":"video/quicktime", "icon":"quicktime", "groups":["video","web_video"], "string":"video"},
"ra"   : {"type":"audio/x-realaudio-plugin", "icon":"audio", "groups":["audio","web_audio"], "string":"audio"},
"ram"  : {"type":"audio/x-pn-realaudio-plugin", "icon":"audio", "groups":["audio"], "string":"audio"},
"rhb"  : {"type":"text/xml", "icon":"markup"},
"rm"   : {"type":"audio/x-pn-realaudio-plugin", "icon":"audio", "groups":["audio"], "string":"audio"},
"rmvb" : {"type":"application/vnd.rn-realmedia-vbr", "icon":"video", "groups":["video"], "string":"video"},
"rtf"  : {"type":"text/rtf", "icon":"text", "groups":["document"]},
"rtx"  : {"type":"text/richtext", "icon":"text"},
"rv"   : {"type":"audio/x-pn-realaudio-plugin", "icon":"audio", "groups":["video"], "string":"video"},
"sh"   : {"type":"application/x-sh", "icon":"sourcecode"},
"sit"  : {"type":"application/x-stuffit", "icon":"archive", "groups":["archive"], "string":"archive"},
"smi"  : {"type":"application/smil", "icon":"text"},
"smil" : {"type":"application/smil", "icon":"text"},
"sqt"  : {"type":"text/xml", "icon":"markup"},
"svg"  : {"type":"image/svg+xml", "icon":"image", "groups":["image","web_image"], "string":"image"},
"svgz" : {"type":"image/svg+xml", "icon":"image", "groups":["image","web_image"], "string":"image"},
"swa"  : {"type":"application/x-director", "icon":"flash"},
"swf"  : {"type":"application/x-shockwave-flash", "icon":"flash", "groups":["video","web_video"]},
"swfl" : {"type":"application/x-shockwave-flash", "icon":"flash", "groups":["video","web_video"]},
"sxw"  : {"type":"application/vnd.sun.xml.writer", "icon":"writer"},
"stw"  : {"type":"application/vnd.sun.xml.writer.template", "icon":"writer"},
"sxc"  : {"type":"application/vnd.sun.xml.calc", "icon":"calc"},
"stc"  : {"type":"application/vnd.sun.xml.calc.template", "icon":"calc"},
"sxd"  : {"type":"application/vnd.sun.xml.draw", "icon":"draw"},
"std"  : {"type":"application/vnd.sun.xml.draw.template", "icon":"draw"},
"sxi"  : {"type":"application/vnd.sun.xml.impress", "icon":"impress"},
"sti"  : {"type":"application/vnd.sun.xml.impress.template", "icon":"impress"},
"sxg"  : {"type":"application/vnd.sun.xml.writer.global", "icon":"writer"},
"sxm"  : {"type":"application/vnd.sun.xml.math", "icon":"math"},
"tar"  : {"type":"application/x-tar", "icon":"archive", "groups":["archive"], "string":"archive"},
"tif"  : {"type":"image/tiff", "icon":"tiff", "groups":["image"], "string":"image"},
"tiff" : {"type":"image/tiff", "icon":"tiff", "groups":["image"], "string":"image"},
"tex"  : {"type":"application/x-tex", "icon":"text"},
"texi" : {"type":"application/x-texinfo", "icon":"text"},
"texinfo"  : {"type":"application/x-texinfo", "icon":"text"},
"tsv"  : {"type":"text/tab-separated-values", "icon":"text"},
"txt"  : {"type":"text/plain", "icon":"text", "defaulticon":true},
"wav"  : {"type":"audio/wav", "icon":"wav", "groups":["audio"], "string":"audio"},
"webm" : {"type":"video/webm", "icon":"video", "groups":["video"], "string":"video"},
"wmv"  : {"type":"video/x-ms-wmv", "icon":"wmv", "groups":["video"], "string":"video"},
"asf"  : {"type":"video/x-ms-asf", "icon":"wmv", "groups":["video"], "string":"video"},
"xdp"  : {"type":"application/pdf", "icon":"pdf"},
"xfd"  : {"type":"application/pdf", "icon":"pdf"},
"xfdf" : {"type":"application/pdf", "icon":"pdf"},
"xls"  : {"type":"application/vnd.ms-excel", "icon":"spreadsheet", "groups":["spreadsheet"]},
"xlsx" : {"type":"application/vnd.openxmlformats-officedocument.spreadsheetml.sheet", "icon":"spreadsheet"},
"xlsm" : {"type":"application/vnd.ms-excel.sheet.macroEnabled.12", "icon":"spreadsheet", "groups":["spreadsheet"]},
"xltx" : {"type":"application/vnd.openxmlformats-officedocument.spreadsheetml.template", "icon":"spreadsheet"},
"xltm" : {"type":"application/vnd.ms-excel.template.macroEnabled.12", "icon":"spreadsheet"},
"xlsb" : {"type":"application/vnd.ms-excel.sheet.binary.macroEnabled.12", "icon":"spreadsheet"},
"xlam" : {"type":"application/vnd.ms-excel.addin.macroEnabled.12", "icon":"spreadsheet"},
"xml"  : {"type":"application/xml", "icon":"markup"},
"xsl"  : {"type":"text/xml", "icon":"markup"},
"zip"  : {"type":"application/zip", "icon":"archive", "groups":["archive"], "string":"archive"},
"3dml" : {"type":"text/vnd.in3d.3dml"},
"3ds"  : {"type":"image/x-3ds"},
"3g2"  : {"type":"video/3gpp2"},
"7z"   : {"type":"application/x-7z-compressed"},
"aab"  : {"type":"application/x-authorware-bin"},
"aam"  : {"type":"application/x-authorware-map"},
"aas"  : {"type":"application/x-authorware-seg"},
"abw"  : {"type":"application/x-abiword"},
"ac"   : {"type":"application/pkix-attr-cert"},
"acc"  : {"type":"application/vnd.americandynamics.acc"},
"ace"  : {"type":"application/x-ace-compressed"},
"acu"  : {"type":"application/vnd.acucobol"},
"atc"  : {"type":"application/vnd.acucorp"},
"acutc" : {"type":"application/vnd.acucorp"},
"adp"  : {"type":"audio/adpcm"},
"aep"  : {"type":"application/vnd.audiograph"},
"afm"  : {"type":"application/x-font-type1"},
"pfa"  : {"type":"application/x-font-type1"},
"pfb"  : {"type":"application/x-font-type1"},
"pfm"  : {"type":"application/x-font-type1"},
"afp"  : {"type":"application/vnd.ibm.modcap"},
"list3820" : {"type":"application/vnd.ibm.modcap"},
"listafp" : {"type":"application/vnd.ibm.modcap"},
"ahead" : {"type":"application/vnd.ahead.space"},
"air"  : {"type":"application/vnd.adobe.air-application-installer-package+zip"},
"ait"  : {"type":"application/vnd.dvb.ait"},
"ami"  : {"type":"application/vnd.amiga.ami"},
"apk"  : {"type":"application/vnd.android.package-archive"},
"appcache" : {"type":"text/cache-manifest"},
"application" : {"type":"application/x-ms-application"},
"apr"  : {"type":"application/vnd.lotus-approach"},
"arc"  : {"type":"application/x-freearc"},
"asa"  : {"type":"text/plain"},
"ascx" : {"type":"text/plain"},
"ashx" : {"type":"text/plain"},
"asmx" : {"type":"text/plain"},
"asp"  : {"type":"text/plain"},
"aspx" : {"type":"text/plain"},
"axd"  : {"type":"text/plain"},
"conf" : {"type":"text/plain"},
"def"  : {"type":"text/plain"},
"in"   : {"type":"text/plain"},
"ini"  : {"type":"text/plain"},
"list" : {"type":"text/plain"},
"log"  : {"type":"text/plain"},
"rb"   : {"type":"text/plain"},
"text" : {"type":"text/plain"},
"bin"  : {"type":"application/octet-stream"},
"asax" : {"type":"application/octet-stream"},
"bpk"  : {"type":"application/octet-stream"},
"crx"  : {"type":"application/octet-stream"},
"deploy" : {"type":"application/octet-stream"},
"dist" : {"type":"application/octet-stream"},
"distz" : {"type":"application/octet-stream"},
"dms"  : {"type":"application/octet-stream"},
"dump" : {"type":"application/octet-stream"},
"elc"  : {"type":"application/octet-stream"},
"hta"  : {"type":"application/octet-stream"},
"ipa"  : {"type":"application/octet-stream"},
"lrf"  : {"type":"application/octet-stream"},
"mar"  : {"type":"application/octet-stream"},
"phar" : {"type":"application/octet-stream"},
"pkg"  : {"type":"application/octet-stream"},
"safariextz"  : {"type":"application/octet-stream"},
"so"   : {"type":"application/octet-stream"},
"sig"  : {"type":"application/pgp-signature"},
"asx"  : {"type":"video/x-ms-asf"},
"s"    : {"type":"text/x-asm"},
"aso"  : {"type":"application/vnd.accpac.simply.aso"},
"atom" : {"type":"application/atom+xml"},
"atomcat" : {"type":"application/atomcat+xml"},
"atomsvc" : {"type":"application/atomsvc+xml"},
"atx"  : {"type":"application/vnd.antix.game-component"},
"snd"  : {"type":"audio/basic"},
"aw"   : {"type":"application/applixware"},
"azf"  : {"type":"application/vnd.airzip.filesecure.azf"},
"azs"  : {"type":"application/vnd.airzip.filesecure.azs"},
"azw"  : {"type":"application/vnd.amazon.ebook"},
"dll"  : {"type":"application/x-msdownload"},
"bat"  : {"type":"application/x-msdownload"},
"com"  : {"type":"application/x-msdownload"},
"exe"  : {"type":"application/x-msdownload"},
"msi"  : {"type":"application/x-msdownload"},
"bcpio" : {"type":"application/x-bcpio"},
"bdf"  : {"type":"application/x-font-bdf"},
"bdm"  : {"type":"application/vnd.syncml.dm+wbxml"},
"bed"  : {"type":"application/vnd.realvnc.bed"},
"bh2"  : {"type":"application/vnd.fujitsu.oasysprs"},
"blorb" : {"type":"application/x-blorb"},
"blb"  : {"type":"application/x-blorb"},
"bmi"  : {"type":"application/vnd.bmi"},
"book" : {"type":"application/vnd.framemaker"},
"fm"   : {"type":"application/vnd.framemaker"},
"frame" : {"type":"application/vnd.framemaker"},
"maker" : {"type":"application/vnd.framemaker"},
"box"  : {"type":"application/vnd.previewsystems.box"},
"bz2"  : {"type":"application/x-bzip2"},
"boz"  : {"type":"application/x-bzip2"},
"btif" : {"type":"image/prs.btif"},
"bz"   : {"type":"application/x-bzip"},
"cc"   : {"type":"text/x-c"},
"cxx"  : {"type":"text/x-c"},
"dic"  : {"type":"text/x-c"},
"hh"   : {"type":"text/x-c"},
"c11amc" : {"type":"application/vnd.cluetrust.cartomobile-config"},
"c11amz" : {"type":"application/vnd.cluetrust.cartomobile-config-pkg"},
"c4d"  : {"type":"application/vnd.clonk.c4group"},
"c4f"  : {"type":"application/vnd.clonk.c4group"},
"c4g"  : {"type":"application/vnd.clonk.c4group"},
"c4p"  : {"type":"application/vnd.clonk.c4group"},
"c4u"  : {"type":"application/vnd.clonk.c4group"},
"cab"  : {"type":"application/vnd.ms-cab-compressed"},
"caf"  : {"type":"audio/x-caf"},
"cap"  : {"type":"application/vnd.tcpdump.pcap"},
"dmp"  : {"type":"application/vnd.tcpdump.pcap"},
"pcap" : {"type":"application/vnd.tcpdump.pcap"},
"car"  : {"type":"application/vnd.curl.car"},
"cat"  : {"type":"application/vnd.ms-pki.seccat"},
"cbr"  : {"type":"application/x-cbr"},
"cb7"  : {"type":"application/x-cbr"},
"cba"  : {"type":"application/x-cbr"},
"cbt"  : {"type":"application/x-cbr"},
"cbz"  : {"type":"application/x-cbr"},
"cst"  : {"type":"application/x-director"},
"cxt"  : {"type":"application/x-director"},
"fgd"  : {"type":"application/x-director"},
"w3d"  : {"type":"application/x-director"},
"ccxml" : {"type":"application/ccxml+xml"},
"cdbcmsg" : {"type":"application/vnd.contact.cmsg"},
"cdf"  : {"type":"application/x-netcdf"},
"nc"   : {"type":"application/x-netcdf"},
"cdkey" : {"type":"application/vnd.mediastation.cdkey"},
"cdmia" : {"type":"application/cdmi-capability"},
"cdmic" : {"type":"application/cdmi-container"},
"cdmid" : {"type":"application/cdmi-domain"},
"cdmio" : {"type":"application/cdmi-object"},
"cdmiq" : {"type":"application/cdmi-queue"},
"cdx"  : {"type":"chemical/x-cdx"},
"cdxml" : {"type":"application/vnd.chemdraw+xml"},
"cdy"  : {"type":"application/vnd.cinderella"},
"cer"  : {"type":"application/pkix-cert"},
"cfc"  : {"type":"application/x-coldfusion"},
"cfm"  : {"type":"application/x-coldfusion"},
"cfs"  : {"type":"application/x-cfs-compressed"},
"cgm"  : {"type":"image/cgm"},
"chat" : {"type":"application/x-chat"},
"chm"  : {"type":"application/vnd.ms-htmlhelp"},
"chrt" : {"type":"application/vnd.kde.kchart"},
"cif"  : {"type":"chemical/x-cif"},
"cii"  : {"type":"application/vnd.anser-web-certificate-issue-initiation"},
"cil"  : {"type":"application/vnd.ms-artgalry"},
"cla"  : {"type":"application/vnd.claymore"},
"class" : {"type":"application/java-vm"},
"clkk" : {"type":"application/vnd.crick.clicker.keyboard"},
"clkp" : {"type":"application/vnd.crick.clicker.palette"},
"clkt" : {"type":"application/vnd.crick.clicker.template"},
"clkw" : {"type":"application/vnd.crick.clicker.wordbank"},
"clkx" : {"type":"application/vnd.crick.clicker"},
"clp"  : {"type":"application/x-msclip"},
"cmc"  : {"type":"application/vnd.cosmocaller"},
"cmdf" : {"type":"chemical/x-cmdf"},
"cml"  : {"type":"chemical/x-cml"},
"cmp"  : {"type":"application/vnd.yellowriver-custom-menu"},
"cmx"  : {"type":"image/x-cmx"},
"cod"  : {"type":"application/vnd.rim.cod"},
"cpio" : {"type":"application/x-cpio"},
"cpt"  : {"type":"application/mac-compactpro"},
"crd"  : {"type":"application/x-mscardfile"},
"crl"  : {"type":"application/pkix-crl"},
"crt"  : {"type":"application/x-x509-ca-cert"},
"der"  : {"type":"application/x-x509-ca-cert"},
"cryptonote" : {"type":"application/vnd.rig.cryptonote"},
"csh"  : {"type":"application/x-csh"},
"csml" : {"type":"chemical/x-csml"},
"csp"  : {"type":"application/vnd.commonspace"},
"cu"   : {"type":"application/cu-seeme"},
"curl" : {"type":"text/vnd.curl"},
"cww"  : {"type":"application/prs.cww"},
"dae"  : {"type":"model/vnd.collada+xml"},
"daf"  : {"type":"application/vnd.mobius.daf"},
"dart" : {"type":"application/vnd.dart"},
"dataless" : {"type":"application/vnd.fdsn.seed"},
"seed" : {"type":"application/vnd.fdsn.seed"},
"davmount" : {"type":"application/davmount+xml"},
"dbk"  : {"type":"application/docbook+xml"},
"dcurl" : {"type":"text/vnd.curl.dcurl"},
"dd2"  : {"type":"application/vnd.oma.dd2+xml"},
"ddd"  : {"type":"application/vnd.fujixerox.ddd"},
"deb"  : {"type":"application/x-debian-package"},
"udeb" : {"type":"application/x-debian-package"},
"dfac" : {"type":"application/vnd.dreamfactory"},
"dgc"  : {"type":"application/x-dgc-compressed"},
"dis"  : {"type":"application/vnd.mobius.dis"},
"djvu" : {"type":"image/vnd.djvu"},
"djv"  : {"type":"image/vnd.djvu"},
"dna"  : {"type":"application/vnd.dna"},
"dot"  : {"type":"application/msword"},
"dp"   : {"type":"application/vnd.osgi.dp"},
"dpg"  : {"type":"application/vnd.dpgraph"},
"dra"  : {"type":"audio/vnd.dra"},
"dsc"  : {"type":"text/prs.lines.tag"},
"dssc" : {"type":"application/dssc+der"},
"dtb"  : {"type":"application/x-dtbook+xml"},
"dtd"  : {"type":"application/xml-dtd"},
"dts"  : {"type":"audio/vnd.dts"},
"dtshd" : {"type":"audio/vnd.dts.hd"},
"dvb"  : {"type":"video/vnd.dvb.file"},
"dvi"  : {"type":"application/x-dvi"},
"dwf"  : {"type":"model/vnd.dwf"},
"dwg"  : {"type":"image/vnd.dwg"},
"dxf"  : {"type":"image/vnd.dxf"},
"dxp"  : {"type":"application/vnd.spotfire.dxp"},
"ecelp4800" : {"type":"audio/vnd.nuera.ecelp4800"},
"ecelp7470" : {"type":"audio/vnd.nuera.ecelp7470"},
"ecelp9600" : {"type":"audio/vnd.nuera.ecelp9600"},
"ecma" : {"type":"application/ecmascript"},
"edm"  : {"type":"application/vnd.novadigm.edm"},
"edx"  : {"type":"application/vnd.novadigm.edx"},
"efif" : {"type":"application/vnd.picsel"},
"ei6"  : {"type":"application/vnd.pg.osasli"},
"emf"  : {"type":"application/x-msmetafile"},
"emz"  : {"type":"application/x-msmetafile"},
"wmf"  : {"type":"application/x-msmetafile"},
"eml"  : {"type":"message/rfc822"},
"mime" : {"type":"message/rfc822"},
"emma" : {"type":"application/emma+xml"},
"eol"  : {"type":"audio/vnd.digital-winds"},
"eot"  : {"type":"application/vnd.ms-fontobject"},
"es3"  : {"type":"application/vnd.eszigno3+xml"},
"et3"  : {"type":"application/vnd.eszigno3+xml"},
"esa"  : {"type":"application/vnd.osgi.subsystem"},
"esf"  : {"type":"application/vnd.epson.esf"},
"etx"  : {"type":"text/x-setext"},
"eva"  : {"type":"application/x-eva"},
"evy"  : {"type":"application/x-envoy"},
"exi"  : {"type":"application/exi"},
"ext"  : {"type":"application/vnd.novadigm.ext"},
"ez"   : {"type":"application/andrew-inset"},
"ez2"  : {"type":"application/vnd.ezpix-album"},
"ez3"  : {"type":"application/vnd.ezpix-package"},
"f"    : {"type":"text/x-fortran"},
"f77"  : {"type":"text/x-fortran"},
"f90"  : {"type":"text/x-fortran"},
"for"  : {"type":"text/x-fortran"},
"fbs"  : {"type":"image/vnd.fastbidsheet"},
"fcdt" : {"type":"application/vnd.adobe.formscentral.fcdt"},
"fcs"  : {"type":"application/vnd.isac.fcs"},
"fe_launch" : {"type":"application/vnd.denovo.fcselayout-link"},
"fg5"  : {"type":"application/vnd.fujitsu.oasysgp"},
"fh"   : {"type":"image/x-freehand"},
"fh4"  : {"type":"image/x-freehand"},
"fh5"  : {"type":"image/x-freehand"},
"fh7"  : {"type":"image/x-freehand"},
"fhc"  : {"type":"image/x-freehand"},
"fig"  : {"type":"application/x-xfig"},
"flac" : {"type":"audio/x-flac"},
"fli"  : {"type":"video/x-fli"},
"flo"  : {"type":"application/vnd.micrografx.flo"},
"flw"  : {"type":"application/vnd.kde.kivio"},
"flx"  : {"type":"text/vnd.fmi.flexstor"},
"fly"  : {"type":"text/vnd.fly"},
"fnc"  : {"type":"application/vnd.frogans.fnc"},
"fpx"  : {"type":"image/vnd.fpx"},
"fsc"  : {"type":"application/vnd.fsc.weblaunch"},
"fst"  : {"type":"image/vnd.fst"},
"ftc"  : {"type":"application/vnd.fluxtime.clip"},
"fti"  : {"type":"application/vnd.anser-web-funds-transfer-initiation"},
"fvt"  : {"type":"video/vnd.fvt"},
"fxp"  : {"type":"application/vnd.adobe.fxp"},
"fxpl" : {"type":"application/vnd.adobe.fxp"},
"fzs"  : {"type":"application/vnd.fuzzysheet"},
"g2w"  : {"type":"application/vnd.geoplan"},
"g3"   : {"type":"image/g3fax"},
"g3w"  : {"type":"application/vnd.geospace"},
"gac"  : {"type":"application/vnd.groove-account"},
"gam"  : {"type":"application/x-tads"},
"gbr"  : {"type":"application/rpki-ghostbusters"},
"gca"  : {"type":"application/x-gca-compressed"},
"gdl"  : {"type":"model/vnd.gdl"},
"geo"  : {"type":"application/vnd.dynageo"},
"gex"  : {"type":"application/vnd.geometry-explorer"},
"gre"  : {"type":"application/vnd.geometry-explorer"},
"ghf"  : {"type":"application/vnd.groove-help"},
"gim"  : {"type":"application/vnd.groove-identity-message"},
"gml"  : {"type":"application/gml+xml"},
"gmx"  : {"type":"application/vnd.gmx"},
"gnumeric" : {"type":"application/x-gnumeric"},
"gph"  : {"type":"application/vnd.flographit"},
"gpx"  : {"type":"application/gpx+xml"},
"gqf"  : {"type":"application/vnd.grafeq"},
"gqs"  : {"type":"application/vnd.grafeq"},
"gram" : {"type":"application/srgs"},
"gramps" : {"type":"application/x-gramps-xml"},
"grv"  : {"type":"application/vnd.groove-injector"},
"grxml" : {"type":"application/srgs+xml"},
"gsf"  : {"type":"application/x-font-ghostscript"},
"gtm"  : {"type":"application/vnd.groove-tool-message"},
"gtw"  : {"type":"model/vnd.gtw"},
"gv"   : {"type":"text/vnd.graphviz"},
"gxf"  : {"type":"application/gxf"},
"gxt"  : {"type":"application/vnd.geonext"},
"h261" : {"type":"video/h261"},
"h263" : {"type":"video/h263"},
"h264" : {"type":"video/h264"},
"hal"  : {"type":"application/vnd.hal+xml"},
"hbci" : {"type":"application/vnd.hbci"},
"hdf"  : {"type":"application/x-hdf"},
"hlp"  : {"type":"application/winhlp"},
"hpgl" : {"type":"application/vnd.hp-hpgl"},
"hpid" : {"type":"application/vnd.hp-hpid"},
"hps"  : {"type":"application/vnd.hp-hps"},
"htke" : {"type":"application/vnd.kenameaapp"},
"hvd"  : {"type":"application/vnd.yamaha.hv-dic"},
"hvp"  : {"type":"application/vnd.yamaha.hv-voice"},
"hvs"  : {"type":"application/vnd.yamaha.hv-script"},
"i2g"  : {"type":"application/vnd.intergeo"},
"icc"  : {"type":"application/vnd.iccprofile"},
"icm"  : {"type":"application/vnd.iccprofile"},
"ice"  : {"type":"x-conference/x-cooltalk"},
"ifb"  : {"type":"text/calendar"},
"ief"  : {"type":"image/ief"},
"ifm"  : {"type":"application/vnd.shana.informed.formdata"},
"iges" : {"type":"model/iges"},
"igs"  : {"type":"model/iges"},
"igl"  : {"type":"application/vnd.igloader"},
"igm"  : {"type":"application/vnd.insors.igm"},
"igx"  : {"type":"application/vnd.micrografx.igx"},
"iif"  : {"type":"application/vnd.shana.informed.interchange"},
"imp"  : {"type":"application/vnd.accpac.simply.imp"},
"ims"  : {"type":"application/vnd.ms-ims"},
"ink"  : {"type":"application/inkml+xml"},
"inkml" : {"type":"application/inkml+xml"},
"install" : {"type":"application/x-install-instructions"},
"iota" : {"type":"application/vnd.astraea-software.iota"},
"ipfix" : {"type":"application/ipfix"},
"ipk"  : {"type":"application/vnd.shana.informed.package"},
"irm"  : {"type":"application/vnd.ibm.rights-management"},
"irp"  : {"type":"application/vnd.irepository.package+xml"},
"iso"  : {"type":"application/x-iso9660-image"},
"itp"  : {"type":"application/vnd.shana.informed.formtemplate"},
"ivp"  : {"type":"application/vnd.immervision-ivp"},
"ivu"  : {"type":"application/vnd.immervision-ivu"},
"jad"  : {"type":"text/vnd.sun.j2me.app-descriptor"},
"jam"  : {"type":"application/vnd.jam"},
"jar"  : {"type":"application/java-archive"},
"jisp" : {"type":"application/vnd.jisp"},
"jlt"  : {"type":"application/vnd.hp-jlyt"},
"jnlp" : {"type":"application/x-java-jnlp-file"},
"joda" : {"type":"application/vnd.joost.joda-archive"},
"jpgm" : {"type":"video/jpm"},
"jpm"  : {"type":"video/jpm"},
"jpgv" : {"type":"video/jpeg"},
"json" : {"type":"application/json"},
"jsonml" : {"type":"application/jsonml+json"},
"midi" : {"type":"audio/midi"},
"rmi"  : {"type":"audio/midi"},
"kar"  : {"type":"audio/midi"},
"mid"  : {"type":"audio/midi"},
"karbon" : {"type":"application/vnd.kde.karbon"},
"kfo"  : {"type":"application/vnd.kde.kformula"},
"kia"  : {"type":"application/vnd.kidspiration"},
"kml"  : {"type":"application/vnd.google-earth.kml+xml"},
"kmz"  : {"type":"application/vnd.google-earth.kmz"},
"kne"  : {"type":"application/vnd.kinar"},
"knp"  : {"type":"application/vnd.kinar"},
"kon"  : {"type":"application/vnd.kde.kontour"},
"kpr"  : {"type":"application/vnd.kde.kpresenter"},
"kpt"  : {"type":"application/vnd.kde.kpresenter"},
"kpxx" : {"type":"application/vnd.ds-keypoint"},
"ksp"  : {"type":"application/vnd.kde.kspread"},
"ktr"  : {"type":"application/vnd.kahootz"},
"ktz"  : {"type":"application/vnd.kahootz"},
"ktx"  : {"type":"image/ktx"},
"kwd"  : {"type":"application/vnd.kde.kword"},
"kwt"  : {"type":"application/vnd.kde.kword"},
"lasxml" : {"type":"application/vnd.las.las+xml"},
"lbd"  : {"type":"application/vnd.llamagraphics.life-balance.desktop"},
"lbe"  : {"type":"application/vnd.llamagraphics.life-balance.exchange+xml"},
"les"  : {"type":"application/vnd.hhe.lesson-player"},
"lha"  : {"type":"application/x-lzh-compressed"},
"lzh"  : {"type":"application/x-lzh-compressed"},
"link66" : {"type":"application/vnd.route66.link66+xml"},
"lnk"  : {"type":"application/x-ms-shortcut"},
"lostxml" : {"type":"application/lost+xml"},
"lrm"  : {"type":"application/vnd.ms-lrm"},
"ltf"  : {"type":"application/vnd.frogans.ltf"},
"lvp"  : {"type":"audio/vnd.lucent.voice"},
"lwp"  : {"type":"application/vnd.lotus-wordpro"},
"lz"   : {"type":"application/x-lzip"},
"lzma" : {"type":"application/x-lzma"},
"lzo"  : {"type":"application/x-lzop"},
"mvb"  : {"type":"application/x-msmediaview"},
"m13"  : {"type":"application/x-msmediaview"},
"m14"  : {"type":"application/x-msmediaview"},
"m1v"  : {"type":"video/mpeg"},
"m2v"  : {"type":"video/mpeg"},
"mp21" : {"type":"application/mp21"},
"m21"  : {"type":"application/mp21"},
"mpga" : {"type":"audio/mpeg"},
"m2a"  : {"type":"audio/mpeg"},
"m3a"  : {"type":"audio/mpeg"},
"mp2"  : {"type":"audio/mpeg"},
"mp2a" : {"type":"audio/mpeg"},
"m3u8" : {"type":"application/vnd.apple.mpegurl"},
"mp4a" : {"type":"audio/mp4"},
"m4u"  : {"type":"video/vnd.mpegurl"},
"mxu"  : {"type":"video/vnd.mpegurl"},
"mp4v" : {"type":"video/mp4"},
"mpg4" : {"type":"video/mp4"},
"ma"   : {"type":"application/mathematica"},
"mb"   : {"type":"application/mathematica"},
"nb"   : {"type":"application/mathematica"},
"mads" : {"type":"application/mads+xml"},
"mag"  : {"type":"application/vnd.ecowin.chart"},
"man"  : {"type":"text/troff"},
"me"   : {"type":"text/troff"},
"ms"   : {"type":"text/troff"},
"roff" : {"type":"text/troff"},
"t"    : {"type":"text/troff"},
"tr"   : {"type":"text/troff"},
"mathml" : {"type":"application/mathml+xml"},
"mbk"  : {"type":"application/vnd.mobius.mbk"},
"mbox" : {"type":"application/mbox"},
"mc1"  : {"type":"application/vnd.medcalcdata"},
"mcd"  : {"type":"application/vnd.mcd"},
"mcurl" : {"type":"text/vnd.curl.mcurl"},
"mdi"  : {"type":"image/vnd.ms-modi"},
"mesh" : {"type":"model/mesh"},
"msh"  : {"type":"model/mesh"},
"silo" : {"type":"model/mesh"},
"meta4" : {"type":"application/metalink4+xml"},
"metalink" : {"type":"application/metalink+xml"},
"mets" : {"type":"application/mets+xml"},
"mfm"  : {"type":"application/vnd.mfmp"},
"mft"  : {"type":"application/rpki-manifest"},
"mgp"  : {"type":"application/vnd.osgeo.mapguide.package"},
"mgz"  : {"type":"application/vnd.proteus.magazine"},
"mie"  : {"type":"application/x-mie"},
"mif"  : {"type":"application/vnd.mif"},
"mj2"  : {"type":"video/mj2"},
"mjp2" : {"type":"video/mj2"},
"mkv"  : {"type":"video/x-matroska"},
"mk3d" : {"type":"video/x-matroska"},
"mks"  : {"type":"video/x-matroska"},
"mka"  : {"type":"audio/x-matroska"},
"mlp"  : {"type":"application/vnd.dolby.mlp"},
"mmd"  : {"type":"application/vnd.chipnuts.karaoke-mmd"},
"mmf"  : {"type":"application/vnd.smaf"},
"mmr"  : {"type":"image/vnd.fujixerox.edmics-mmr"},
"mng"  : {"type":"video/x-mng"},
"mny"  : {"type":"application/x-msmoney"},
"mobi" : {"type":"application/x-mobipocket-ebook"},
"prc"  : {"type":"application/x-mobipocket-ebook"},
"mods" : {"type":"application/mods+xml"},
"mp4s" : {"type":"application/mp4"},
"mpc"  : {"type":"application/vnd.mophun.certificate"},
"mpkg" : {"type":"application/vnd.apple.installer+xml"},
"mpm"  : {"type":"application/vnd.blueice.multipass"},
"mpn"  : {"type":"application/vnd.mophun.application"},
"mpp"  : {"type":"application/vnd.ms-project"},
"mpt"  : {"type":"application/vnd.ms-project"},
"mpy"  : {"type":"application/vnd.ibm.minipay"},
"mqy"  : {"type":"application/vnd.mobius.mqy"},
"mrc"  : {"type":"application/marc"},
"mrcx" : {"type":"application/marcxml+xml"},
"mscml" : {"type":"application/mediaservercontrol+xml"},
"mseed" : {"type":"application/vnd.fdsn.mseed"},
"mseq" : {"type":"application/vnd.mseq"},
"msf"  : {"type":"application/vnd.epson.msf"},
"msl"  : {"type":"application/vnd.mobius.msl"},
"msty" : {"type":"application/vnd.muvee.style"},
"mts"  : {"type":"model/vnd.mts"},
"mus"  : {"type":"application/vnd.musician"},
"musicxml" : {"type":"application/vnd.recordare.musicxml+xml"},
"mwf"  : {"type":"application/vnd.mfer"},
"mxf"  : {"type":"application/mxf"},
"mxl"  : {"type":"application/vnd.recordare.musicxml"},
"mxml" : {"type":"application/xv+xml"},
"xhvml" : {"type":"application/xv+xml"},
"xvm"  : {"type":"application/xv+xml"},
"xvml" : {"type":"application/xv+xml"},
"mxs"  : {"type":"application/vnd.triscape.mxs"},
"n-gage" : {"type":"application/vnd.nokia.n-gage.symbian.install"},
"n3"   : {"type":"text/n3"},
"nbp"  : {"type":"application/vnd.wolfram.player"},
"ncx"  : {"type":"application/x-dtbncx+xml"},
"nfo"  : {"type":"text/x-nfo"},
"ngdat" : {"type":"application/vnd.nokia.n-gage.data"},
"nitf" : {"type":"application/vnd.nitf"},
"ntf"  : {"type":"application/vnd.nitf"},
"nlu"  : {"type":"application/vnd.neurolanguage.nlu"},
"nml"  : {"type":"application/vnd.enliven"},
"nnd"  : {"type":"application/vnd.noblenet-directory"},
"nns"  : {"type":"application/vnd.noblenet-sealer"},
"nnw"  : {"type":"application/vnd.noblenet-web"},
"npx"  : {"type":"image/vnd.net-fpx"},
"nsc"  : {"type":"application/x-conference"},
"nsf"  : {"type":"application/vnd.lotus-notes"},
"nzb"  : {"type":"application/x-nzb"},
"oa2"  : {"type":"application/vnd.fujitsu.oasys2"},
"oa3"  : {"type":"application/vnd.fujitsu.oasys3"},
"oas"  : {"type":"application/vnd.fujitsu.oasys"},
"obd"  : {"type":"application/x-msbinder"},
"obj"  : {"type":"application/x-tgif"},
"oda"  : {"type":"application/oda"},
"odft" : {"type":"application/vnd.oasis.opendocument.formula-template"},
"spx"  : {"type":"audio/ogg"},
"ogx"  : {"type":"application/ogg"},
"omdoc" : {"type":"application/omdoc+xml"},
"onepkg" : {"type":"application/onenote"},
"onetmp" : {"type":"application/onenote"},
"onetoc" : {"type":"application/onenote"},
"onetoc2" : {"type":"application/onenote"},
"opf"  : {"type":"application/oebps-package+xml"},
"opml" : {"type":"text/x-opml"},
"oprc" : {"type":"application/vnd.palm"},
"pdb"  : {"type":"application/vnd.palm"},
"pqa"  : {"type":"application/vnd.palm"},
"org"  : {"type":"application/vnd.lotus-organizer"},
"osf"  : {"type":"application/vnd.yamaha.openscoreformat"},
"osfpvg" : {"type":"application/vnd.yamaha.openscoreformat.osfpvg+xml"},
"otc"  : {"type":"application/vnd.oasis.opendocument.chart-template"},
"otf"  : {"type":"application/x-font-otf"},
"oti"  : {"type":"application/vnd.oasis.opendocument.image-template"},
"oxps" : {"type":"application/oxps"},
"oxt"  : {"type":"application/vnd.openofficeorg.extension"},
"p"    : {"type":"text/x-pascal"},
"pas"  : {"type":"text/x-pascal"},
"p10"  : {"type":"application/pkcs10"},
"p12"  : {"type":"application/x-pkcs12"},
"pfx"  : {"type":"application/x-pkcs12"},
"p7b"  : {"type":"application/x-pkcs7-certificates"},
"spc"  : {"type":"application/x-pkcs7-certificates"},
"p7c"  : {"type":"application/pkcs7-mime"},
"p7m"  : {"type":"application/pkcs7-mime"},
"p7r"  : {"type":"application/x-pkcs7-certreqresp"},
"p7s"  : {"type":"application/pkcs7-signature"},
"p8"   : {"type":"application/pkcs8"},
"paw"  : {"type":"application/vnd.pawaafile"},
"pbd"  : {"type":"application/vnd.powerbuilder6"},
"pbm"  : {"type":"image/x-portable-bitmap"},
"pcf"  : {"type":"application/x-font-pcf"},
"pcl"  : {"type":"application/vnd.hp-pcl"},
"pclxl" : {"type":"application/vnd.hp-pclxl"},
"pcurl" : {"type":"application/vnd.curl.pcurl"},
"pcx"  : {"type":"image/x-pcx"},
"pfr"  : {"type":"application/font-tdpfr"},
"pgm"  : {"type":"image/x-portable-graymap"},
"pgn"  : {"type":"application/x-chess-pgn"},
"pgp"  : {"type":"application/pgp-encrypted"},
"phps" : {"type":"application/x-httpd-phps"},
"pki"  : {"type":"application/pkixcmp"},
"pkipath" : {"type":"application/pkix-pkipath"},
"plb"  : {"type":"application/vnd.3gpp.pic-bw-large"},
"plc"  : {"type":"application/vnd.mobius.plc"},
"plf"  : {"type":"application/vnd.pocketlearn"},
"plist" : {"type":"application/x-plist"},
"pls"  : {"type":"application/pls+xml"},
"pml"  : {"type":"application/vnd.ctc-posml"},
"pnm"  : {"type":"image/x-portable-anymap"},
"portpkg" : {"type":"application/vnd.macports.portpkg"},
"pot"  : {"type":"application/vnd.ms-powerpoint"},
"ppd"  : {"type":"application/vnd.cups-ppd"},
"ppm"  : {"type":"image/x-portable-pixmap"},
"pre"  : {"type":"application/vnd.lotus-freelance"},
"prf"  : {"type":"application/pics-rules"},
"psb"  : {"type":"application/vnd.3gpp.pic-bw-small"},
"psd"  : {"type":"image/vnd.adobe.photoshop"},
"psf"  : {"type":"application/x-font-linux-psf"},
"pskcxml" : {"type":"application/pskc+xml"},
"ptid" : {"type":"application/vnd.pvi.ptid1"},
"pub"  : {"type":"application/x-mspublisher"},
"pvb"  : {"type":"application/vnd.3gpp.pic-bw-var"},
"pwn"  : {"type":"application/vnd.3m.post-it-notes"},
"pya"  : {"type":"audio/vnd.ms-playready.media.pya"},
"pyv"  : {"type":"video/vnd.ms-playready.media.pyv"},
"qam"  : {"type":"application/vnd.epson.quickanime"},
"qbo"  : {"type":"application/vnd.intu.qbo"},
"qfx"  : {"type":"application/vnd.intu.qfx"},
"qps"  : {"type":"application/vnd.publishare-delta-tree"},
"qwd"  : {"type":"application/vnd.quark.quarkxpress"},
"qwt"  : {"type":"application/vnd.quark.quarkxpress"},
"qxb"  : {"type":"application/vnd.quark.quarkxpress"},
"qxd"  : {"type":"application/vnd.quark.quarkxpress"},
"qxl"  : {"type":"application/vnd.quark.quarkxpress"},
"qxt"  : {"type":"application/vnd.quark.quarkxpress"},
"rar"  : {"type":"application/x-rar-compressed"},
"ras"  : {"type":"image/x-cmu-raster"},
"rcprofile" : {"type":"application/vnd.ipunplugged.rcprofile"},
"rdf"  : {"type":"application/rdf+xml"},
"rdz"  : {"type":"application/vnd.data-vision.rdz"},
"rep"  : {"type":"application/vnd.businessobjects"},
"res"  : {"type":"application/x-dtbresource+xml"},
"resx" : {"type":"text/xml"},
"rgb"  : {"type":"image/x-rgb"},
"rif"  : {"type":"application/reginfo+xml"},
"rip"  : {"type":"audio/vnd.rip"},
"ris"  : {"type":"application/x-research-info-systems"},
"rl"   : {"type":"application/resource-lists+xml"},
"rlc"  : {"type":"image/vnd.fujixerox.edmics-rlc"},
"rld"  : {"type":"application/resource-lists-diff+xml"},
"rmp"  : {"type":"audio/x-pn-realaudio-plugin"},
"rms"  : {"type":"application/vnd.jcp.javame.midlet-rms"},
"rnc"  : {"type":"application/relax-ng-compact-syntax"},
"roa"  : {"type":"application/rpki-roa"},
"rp9"  : {"type":"application/vnd.cloanto.rp9"},
"rpm"  : {"type":"application/x-rpm"},
"rpss" : {"type":"application/vnd.nokia.radio-presets"},
"rpst" : {"type":"application/vnd.nokia.radio-preset"},
"rq"   : {"type":"application/sparql-query"},
"rs"   : {"type":"application/rls-services+xml"},
"rsd"  : {"type":"application/rsd+xml"},
"rss"  : {"type":"application/rss+xml"},
"s3m"  : {"type":"audio/s3m"},
"saf"  : {"type":"application/vnd.yamaha.smaf-audio"},
"sass" : {"type":"text/x-sass"},
"sbml" : {"type":"application/sbml+xml"},
"sc"   : {"type":"application/vnd.ibm.secure-container"},
"scd"  : {"type":"application/x-msschedule"},
"scm"  : {"type":"application/vnd.lotus-screencam"},
"scq"  : {"type":"application/scvp-cv-request"},
"scs"  : {"type":"application/scvp-cv-response"},
"scss" : {"type":"text/x-scss"},
"scurl" : {"type":"text/vnd.curl.scurl"},
"sda"  : {"type":"application/vnd.stardivision.draw"},
"sdc"  : {"type":"application/vnd.stardivision.calc"},
"sdd"  : {"type":"application/vnd.stardivision.impress"},
"sdkd" : {"type":"application/vnd.solent.sdkm+xml"},
"sdkm" : {"type":"application/vnd.solent.sdkm+xml"},
"sdp"  : {"type":"application/sdp"},
"sdw"  : {"type":"application/vnd.stardivision.writer"},
"vor"  : {"type":"application/vnd.stardivision.writer"},
"see"  : {"type":"application/vnd.seemail"},
"sema" : {"type":"application/vnd.sema"},
"semd" : {"type":"application/vnd.semd"},
"semf" : {"type":"application/vnd.semf"},
"ser"  : {"type":"application/java-serialized-object"},
"setpay" : {"type":"application/set-payment-initiation"},
"setreg" : {"type":"application/set-registration-initiation"},
"sfd-hdstx" : {"type":"application/vnd.hydrostatix.sof-data"},
"sfs"  : {"type":"application/vnd.spotfire.sfs"},
"sfv"  : {"type":"text/x-sfv"},
"sgi"  : {"type":"image/sgi"},
"sgl"  : {"type":"application/vnd.stardivision.writer-global"},
"sgml" : {"type":"text/sgml"},
"sgm"  : {"type":"text/sgml"},
"shar" : {"type":"application/x-shar"},
"shf"  : {"type":"application/shf+xml"},
"sid"  : {"type":"image/x-mrsid-image"},
"sil"  : {"type":"audio/silk"},
"sis"  : {"type":"application/vnd.symbian.install"},
"sisx" : {"type":"application/vnd.symbian.install"},
"sitx" : {"type":"application/x-stuffitx"},
"skd"  : {"type":"application/vnd.koan"},
"skm"  : {"type":"application/vnd.koan"},
"skp"  : {"type":"application/vnd.koan"},
"skt"  : {"type":"application/vnd.koan"},
"sldm" : {"type":"application/vnd.ms-powerpoint.slide.macroenabled.12"},
"sldx" : {"type":"application/vnd.openxmlformats-officedocument.presentationml.slide"},
"slt"  : {"type":"application/vnd.epson.salt"},
"sm"   : {"type":"application/vnd.stepmania.stepchart"},
"smf"  : {"type":"application/vnd.stardivision.math"},
"smv"  : {"type":"video/x-smv"},
"smzip" : {"type":"application/vnd.stepmania.package"},
"snf"  : {"type":"application/x-font-snf"},
"spf"  : {"type":"application/vnd.yamaha.smaf-phrase"},
"spl"  : {"type":"application/x-futuresplash"},
"spot" : {"type":"text/vnd.in3d.spot"},
"spp"  : {"type":"application/scvp-vp-response"},
"spq"  : {"type":"application/scvp-vp-request"},
"sql"  : {"type":"application/x-sql"},
"src"  : {"type":"application/x-wais-source"},
"srt"  : {"type":"application/x-subrip"},
"sru"  : {"type":"application/sru+xml"},
"srx"  : {"type":"application/sparql-results+xml"},
"ssdl" : {"type":"application/ssdl+xml"},
"sse"  : {"type":"application/vnd.kodak-descriptor"},
"ssf"  : {"type":"application/vnd.epson.ssf"},
"ssml" : {"type":"application/ssml+xml"},
"st"   : {"type":"application/vnd.sailingtracker.track"},
"stf"  : {"type":"application/vnd.wt.stf"},
"stk"  : {"type":"application/hyperstudio"},
"stl"  : {"type":"application/vnd.ms-pki.stl"},
"str"  : {"type":"application/vnd.pg.format"},
"styl" : {"type":"text/x-styl"},
"sub"  : {"type":"image/vnd.dvb.subtitle"},
"sus"  : {"type":"application/vnd.sus-calendar"},
"susp" : {"type":"application/vnd.sus-calendar"},
"sv4cpio" : {"type":"application/x-sv4cpio"},
"sv4crc" : {"type":"application/x-sv4crc"},
"svc"  : {"type":"application/vnd.dvb.service"},
"svd"  : {"type":"application/vnd.svd"},
"swi"  : {"type":"application/vnd.aristanetworks.swi"},
"t3"   : {"type":"application/x-t3vm-image"},
"taglet" : {"type":"application/vnd.mynfc"},
"tao"  : {"type":"application/vnd.tao.intent-module-archive"},
"tcap" : {"type":"application/vnd.3gpp2.tcap"},
"tcl"  : {"type":"application/x-tcl"},
"teacher" : {"type":"application/vnd.smart.teacher"},
"tei"  : {"type":"application/tei+xml"},
"teicorpus" : {"type":"application/tei+xml"},
"tfi"  : {"type":"application/thraud+xml"},
"tfm"  : {"type":"application/x-tex-tfm"},
"tga"  : {"type":"image/x-tga"},
"thmx" : {"type":"application/vnd.ms-officetheme"},
"tmo"  : {"type":"application/vnd.tmobile-livetv"},
"torrent" : {"type":"application/x-bittorrent"},
"tpl"  : {"type":"application/vnd.groove-tool-template"},
"tpt"  : {"type":"application/vnd.trid.tpt"},
"tra"  : {"type":"application/vnd.trueapp"},
"trm"  : {"type":"application/x-msterminal"},
"tsd"  : {"type":"application/timestamped-data"},
"ttf"  : {"type":"application/x-font-ttf"},
"ttc"  : {"type":"application/x-font-ttf"},
"ttl"  : {"type":"text/turtle"},
"twd"  : {"type":"application/vnd.simtech-mindmapper"},
"twds" : {"type":"application/vnd.simtech-mindmapper"},
"txd"  : {"type":"application/vnd.genomatix.tuxedo"},
"txf"  : {"type":"application/vnd.mobius.txf"},
"ufdl" : {"type":"application/vnd.ufdl"},
"ufd"  : {"type":"application/vnd.ufdl"},
"ulx"  : {"type":"application/x-glulx"},
"umj"  : {"type":"application/vnd.umajin"},
"unityweb" : {"type":"application/vnd.unity"},
"uoml" : {"type":"application/vnd.uoml+xml"},
"uri"  : {"type":"text/uri-list"},
"uris" : {"type":"text/uri-list"},
"urls" : {"type":"text/uri-list"},
"ustar" : {"type":"application/x-ustar"},
"utz"  : {"type":"application/vnd.uiq.theme"},
"uu"   : {"type":"text/x-uuencode"},
"uva"  : {"type":"audio/vnd.dece.audio"},
"uvva" : {"type":"audio/vnd.dece.audio"},
"uvd"  : {"type":"application/vnd.dece.data"},
"uvf"  : {"type":"application/vnd.dece.data"},
"uvvd" : {"type":"application/vnd.dece.data"},
"uvvf" : {"type":"application/vnd.dece.data"},
"uvg"  : {"type":"image/vnd.dece.graphic"},
"uvi"  : {"type":"image/vnd.dece.graphic"},
"uvvg" : {"type":"image/vnd.dece.graphic"},
"uvvi" : {"type":"image/vnd.dece.graphic"},
"uvh"  : {"type":"video/vnd.dece.hd"},
"uvvh" : {"type":"video/vnd.dece.hd"},
"uvm"  : {"type":"video/vnd.dece.mobile"},
"uvvm" : {"type":"video/vnd.dece.mobile"},
"uvp"  : {"type":"video/vnd.dece.pd"},
"uvvp" : {"type":"video/vnd.dece.pd"},
"uvs"  : {"type":"video/vnd.dece.sd"},
"uvvs" : {"type":"video/vnd.dece.sd"},
"uvt"  : {"type":"application/vnd.dece.ttml+xml"},
"uvvt" : {"type":"application/vnd.dece.ttml+xml"},
"uvu"  : {"type":"video/vnd.uvvu.mp4"},
"uvvu" : {"type":"video/vnd.uvvu.mp4"},
"uvv"  : {"type":"video/vnd.dece.video"},
"uvvv" : {"type":"video/vnd.dece.video"},
"uvvx" : {"type":"application/vnd.dece.unspecified"},
"uvx"  : {"type":"application/vnd.dece.unspecified"},
"uvvz" : {"type":"application/vnd.dece.zip"},
"uvz"  : {"type":"application/vnd.dece.zip"},
"vcard" : {"type":"text/vcard"},
"vcd"  : {"type":"application/x-cdlink"},
"vcf"  : {"type":"text/x-vcard"},
"vcg"  : {"type":"application/vnd.groove-vcard"},
"vcs"  : {"type":"text/x-vcalendar"},
"vcx"  : {"type":"application/vnd.vcx"},
"vis"  : {"type":"application/vnd.visionary"},
"viv"  : {"type":"video/vnd.vivo"},
"vob"  : {"type":"video/x-ms-vob"},
"vrml" : {"type":"model/vrml"},
"wrl"  : {"type":"model/vrml"},
"vsd"  : {"type":"application/vnd.visio"},
"vss"  : {"type":"application/vnd.visio"},
"vst"  : {"type":"application/vnd.visio"},
"vsw"  : {"type":"application/vnd.visio"},
"vsf"  : {"type":"application/vnd.vsf"},
"vtt"  : {"type":"text/vtt"},
"vtu"  : {"type":"model/vnd.vtu"},
"vxml" : {"type":"application/voicexml+xml"},
"wad"  : {"type":"application/x-doom"},
"wax"  : {"type":"audio/x-ms-wax"},
"wbmp" : {"type":"image/vnd.wap.wbmp"},
"wbs"  : {"type":"application/vnd.criticaltools.wbs+xml"},
"wbxml" : {"type":"application/vnd.wap.wbxml"},
"wcm"  : {"type":"application/vnd.ms-works"},
"wdb"  : {"type":"application/vnd.ms-works"},
"wks"  : {"type":"application/vnd.ms-works"},
"wps"  : {"type":"application/vnd.ms-works"},
"wdp"  : {"type":"image/vnd.ms-photo"},
"weba" : {"type":"audio/webm"},
"webp" : {"type":"image/webp"},
"wg"   : {"type":"application/vnd.pmi.widget"},
"wgt"  : {"type":"application/widget"},
"wm"   : {"type":"video/x-ms-wm"},
"wma"  : {"type":"audio/x-ms-wma"},
"wmd"  : {"type":"application/x-ms-wmd"},
"wml"  : {"type":"text/vnd.wap.wml"},
"wmlc" : {"type":"application/vnd.wap.wmlc"},
"wmls" : {"type":"text/vnd.wap.wmlscript"},
"wmlsc" : {"type":"application/vnd.wap.wmlscriptc"},
"wmx"  : {"type":"video/x-ms-wmx"},
"wmz"  : {"type":"application/x-ms-wmz"},
"woff" : {"type":"application/x-font-woff"},
"wpd"  : {"type":"application/vnd.wordperfect"},
"wpl"  : {"type":"application/vnd.ms-wpl"},
"wqd"  : {"type":"application/vnd.wqd"},
"wri"  : {"type":"application/x-mswrite"},
"wsdl" : {"type":"application/wsdl+xml"},
"wspolicy" : {"type":"application/wspolicy+xml"},
"wtb"  : {"type":"application/vnd.webturbo"},
"wvx"  : {"type":"video/x-ms-wvx"},
"x3d"  : {"type":"model/x3d+xml"},
"x3dz" : {"type":"model/x3d+xml"},
"x3db" : {"type":"model/x3d+binary"},
"x3dbz" : {"type":"model/x3d+binary"},
"x3dv" : {"type":"model/x3d+vrml"},
"x3dvz" : {"type":"model/x3d+vrml"},
"xaml" : {"type":"application/xaml+xml"},
"xap"  : {"type":"application/x-silverlight-app"},
"xar"  : {"type":"application/vnd.xara"},
"xbap" : {"type":"application/x-ms-xbap"},
"xbd"  : {"type":"application/vnd.fujixerox.docuworks.binder"},
"xbm"  : {"type":"image/x-xbitmap"},
"xdf"  : {"type":"application/xcap-diff+xml"},
"xdm"  : {"type":"application/vnd.syncml.dm+xml"},
"xdssc" : {"type":"application/dssc+xml"},
"xdw"  : {"type":"application/vnd.fujixerox.docuworks"},
"xenc" : {"type":"application/xenc+xml"},
"xer"  : {"type":"application/patch-ops-error+xml"},
"xfdl" : {"type":"application/vnd.xfdl"},
"xht"  : {"type":"application/xhtml+xml"},
"xif"  : {"type":"image/vnd.xiff"},
"xla"  : {"type":"application/vnd.ms-excel"},
"xlc"  : {"type":"application/vnd.ms-excel"},
"xlm"  : {"type":"application/vnd.ms-excel"},
"xlt"  : {"type":"application/vnd.ms-excel"},
"xlw"  : {"type":"application/vnd.ms-excel"},
"xlf"  : {"type":"application/x-xliff+xml"},
"xm"   : {"type":"audio/xm"},
"xo"   : {"type":"application/vnd.olpc-sugar"},
"xop"  : {"type":"application/xop+xml"},
"xpi"  : {"type":"application/x-xpinstall"},
"xpl"  : {"type":"application/xproc+xml"},
"xpm"  : {"type":"image/x-xpixmap"},
"xpr"  : {"type":"application/vnd.is-xpr"},
"xps"  : {"type":"application/vnd.ms-xpsdocument"},
"xpw"  : {"type":"application/vnd.intercon.formnet"},
"xpx"  : {"type":"application/vnd.intercon.formnet"},
"xslt" : {"type":"application/xslt+xml"},
"xsm"  : {"type":"application/vnd.syncml+xml"},
"xspf" : {"type":"application/xspf+xml"},
"xul"  : {"type":"application/vnd.mozilla.xul+xml"},
"xwd"  : {"type":"image/x-xwindowdump"},
"xyz"  : {"type":"chemical/x-xyz"},
"xz"   : {"type":"application/x-xz"},
"yaml" : {"type":"text/yaml"},
"yml"  : {"type":"text/yaml"},
"yang" : {"type":"application/yang"},
"yin"  : {"type":"application/yin+xml"},
"z"    : {"type":"application/x-compress"},
"z1"   : {"type":"application/x-zmachine"},
"z2"   : {"type":"application/x-zmachine"},
"z3"   : {"type":"application/x-zmachine"},
"z4"   : {"type":"application/x-zmachine"},
"z5"   : {"type":"application/x-zmachine"},
"z6"   : {"type":"application/x-zmachine"},
"z7"   : {"type":"application/x-zmachine"},
"z8"   : {"type":"application/x-zmachine"},
"zaz"  : {"type":"application/vnd.zzazz.deck+xml"},
"zir"  : {"type":"application/vnd.zul"},
"zirz" : {"type":"application/vnd.zul"},
"zmm"  : {"type":"application/vnd.handheld-entertainment+xml"},
"123"  : {"type":"application/vnd.lotus-1-2-3"}
}